City,Cloudiness,Country,Date,Humidity,Latitude,Longitude,Max Temperature,Wind Speed
Punta Arenas,75,CL,1600809771,57,-53.15,-70.92,48.2,16.11
Los Llanos de Aridane,75,ES,1600809914,83,28.66,-17.92,75.2,3.36
Lebu,43,CL,1600809774,73,-37.62,-73.65,51.94,18.43
Bluff,51,NZ,1600809805,87,-46.6,168.33,54.0,7.0
Ushuaia,75,AR,1600809772,74,-54.8,-68.3,44.6,21.92
Rikitea,99,PF,1600809765,75,-23.12,-134.97,72.72,17.85
Port Lincoln,5,AU,1600809802,80,-34.73,135.87,52.05,15.88
Balakovo,41,RU,1600809916,74,52.03,47.8,56.25,10.69
Teguise,20,ES,1600809916,78,29.06,-13.56,75.2,14.99
Avarua,65,CK,1600809657,88,-21.21,-159.78,80.6,10.29
Vilcún,0,CL,1600809917,62,-38.65,-72.23,59.0,10.29
Port Elizabeth,0,ZA,1600809796,87,-33.92,25.57,53.6,6.93
New Norfolk,77,AU,1600809774,84,-42.78,147.06,48.99,5.93
Dikson,68,RU,1600809805,88,73.51,80.55,41.05,14.65
Ambon City,40,ID,1600809918,94,-3.7,128.18,78.01,5.82
Babynino,0,RU,1600809918,87,54.39,35.73,51.8,6.71
Kosai,100,JP,1600809919,77,34.71,137.53,69.01,1.99
Port Alfred,0,ZA,1600809794,75,-33.59,26.89,58.23,5.75
Kaitangata,65,NZ,1600809794,76,-46.28,169.85,55.99,5.01
Tomatlán,4,MX,1600809919,62,19.93,-105.25,89.6,10.16
Bambous Virieux,20,MU,1600809785,73,-20.34,57.76,69.8,3.36
Atuona,91,PF,1600809766,72,-9.8,-139.03,78.57,19.51
Kalabo,80,ZM,1600809920,20,-14.97,22.68,77.0,8.61
Lavrentiya,91,RU,1600809920,87,65.58,-171.0,38.98,7.9
Najrān,82,SA,1600809885,14,17.49,44.13,82.4,4.7
Bilibino,100,RU,1600809921,87,68.05,166.44,33.6,3.11
Lichuan,94,CN,1600809921,97,30.3,108.85,54.48,1.36
Shaoyang,100,CN,1600809922,91,27.23,111.45,62.74,2.42
Berlevåg,75,NO,1600809922,93,70.86,29.09,42.8,13.87
Jasper,90,US,1600809767,78,37.2,-94.35,71.6,7.47
Hobart,40,AU,1600809670,66,-42.88,147.33,51.8,10.29
Laas,75,IT,1600809923,100,46.62,10.7,57.2,4.7
Tuktoyaktuk,90,CA,1600809779,80,69.45,-133.04,39.2,3.36
Murray Bridge,9,AU,1600809923,91,-35.12,139.27,50.0,5.01
Katsuura,75,JP,1600809514,94,35.13,140.3,69.8,12.75
Los Andes,100,CL,1600809711,33,-32.83,-70.6,77.0,3.0
Tezu,100,IN,1600809836,87,27.92,96.17,74.03,3.02
Yellowknife,40,CA,1600809853,81,62.46,-114.35,55.99,18.34
Doha,0,QA,1600809855,70,25.29,51.53,91.4,5.82
Lewistown,1,US,1600809925,26,40.6,-77.57,73.99,10.29
Sinegor'ye,0,RU,1600809925,82,62.08,150.48,33.76,2.24
Forest Hills,20,US,1600809925,47,42.96,-85.49,75.99,9.17
Butaritari,2,KI,1600809791,77,3.07,172.79,83.16,18.52
Nome,75,US,1600809718,61,64.5,-165.41,46.99,10.22
Brawley,1,US,1600809926,17,32.98,-115.53,102.2,6.93
Albany,0,US,1600809757,27,42.6,-73.97,68.0,5.01
Hervey Bay,87,AU,1600809790,91,-25.3,152.85,72.0,3.0
Emerald,97,AU,1600809927,73,-23.53,148.17,73.4,10.29
Mataura,70,NZ,1600809786,87,-46.19,168.86,54.0,7.0
Busselton,53,AU,1600809777,78,-33.65,115.33,48.0,8.16
Chifeng,100,CN,1600809928,60,42.27,118.96,51.71,2.59
Kapaa,20,US,1600809797,62,22.08,-159.32,86.0,13.87
Cidreira,0,BR,1600809851,69,-30.18,-50.21,58.03,15.61
Jamestown,1,US,1600809722,51,42.1,-79.24,66.0,10.29
Cherskiy,99,RU,1600809795,81,68.75,161.3,36.32,5.91
Calama,0,CL,1600809929,8,-22.47,-68.93,75.2,21.92
Puerto Ayora,82,EC,1600809802,82,-0.74,-90.35,69.01,8.01
Thompson,75,CA,1600809785,71,55.74,-97.86,55.4,11.41
Christchurch,23,NZ,1600809762,59,-43.53,172.63,64.4,6.93
Prado,76,BR,1600809930,82,-17.34,-39.22,75.6,12.41
Cayenne,8,GF,1600809826,66,4.93,-52.33,86.0,10.29
Tuatapere,40,NZ,1600809782,87,-46.13,167.68,54.0,7.0
Vaini,75,TO,1600809807,83,-21.2,-175.2,73.4,8.05
Lac du Bonnet,35,CA,1600809931,43,50.25,-96.06,82.99,3.0
Tateyama,100,JP,1600809931,93,34.98,139.87,70.0,1.99
Qaanaaq,0,GL,1600809784,81,77.48,-69.36,14.23,8.03
Zhigansk,13,RU,1600809932,80,66.77,123.37,37.54,3.4
Truth or Consequences,1,US,1600809933,13,33.13,-107.25,91.0,9.17
Ilulissat,60,GL,1600809825,68,69.22,-51.1,26.6,5.3
Hilo,90,US,1600809796,69,19.73,-155.09,80.6,5.82
George Town,20,MY,1600809787,94,5.41,100.34,77.0,2.24
Faanui,5,PF,1600809803,78,-16.48,-151.75,77.95,17.58
Mount Isa,90,AU,1600809846,72,-20.73,139.5,66.2,6.93
Port Montt,75,CL,1600809934,81,-41.47,-72.94,51.8,8.05
Murgab,0,TM,1600809934,47,37.5,61.97,55.4,4.7
Mossamedes,60,AO,1600809791,88,-15.2,12.15,64.53,4.54
Puerto Baquerizo Moreno,40,EC,1600809885,73,-0.9,-89.6,73.4,18.34
Sirsa,46,IN,1600809935,63,29.53,75.02,84.2,4.61
Tarko-Sale,100,RU,1600809935,91,64.92,77.78,37.0,13.44
Calabozo,100,VE,1600809772,76,8.92,-67.43,87.42,2.19
Bredasdorp,30,ZA,1600809792,93,-34.53,20.04,48.2,4.7
Lubango,71,AO,1600809937,62,-14.92,13.49,61.79,1.74
Davila,20,PH,1600809792,94,18.47,120.58,78.8,3.36
Carnarvon,0,AU,1600809811,58,-24.87,113.63,53.6,10.29
Kavieng,100,PG,1600809938,68,-2.57,150.8,83.16,8.28
Kapra,40,IN,1600809938,100,17.48,78.56,75.2,4.7
Santa Cruz de la Sierra,0,BO,1600809938,26,-17.8,-63.17,82.4,2.24
Seoul,40,KR,1600809789,63,37.57,126.98,60.8,4.56
Mocuba,22,MZ,1600809909,86,-16.84,36.99,70.29,5.82
Totoró,35,CO,1600809939,56,2.51,-76.4,64.89,2.01
Leningradskiy,100,RU,1600809894,83,69.38,178.42,39.52,17.22
Hithadhoo,30,MV,1600809843,68,-0.6,73.08,81.99,8.25
Bengkulu,82,ID,1600809838,84,-3.8,102.27,76.96,6.8
Elizabeth City,1,US,1600809940,40,36.29,-76.25,71.6,10.29
Yumen,0,CN,1600809775,47,40.28,97.2,49.96,1.99
Zhalantun,100,CN,1600809941,95,48.0,122.72,49.98,9.1
Bowen,64,AU,1600809941,93,-20.02,148.23,66.2,4.5
Esperance,40,AU,1600809942,100,-33.87,121.9,44.6,6.93
Mar del Plata,100,AR,1600809820,29,-38.0,-57.56,66.2,10.29
Sheffield,83,GB,1600809768,82,53.38,-1.47,61.0,11.92
Hamilton,1,US,1600809679,40,39.18,-84.53,77.0,4.7
Beloha,75,MG,1600809943,71,-25.17,45.05,63.3,12.3
Bethel,1,US,1600809784,28,41.37,-73.41,68.0,11.41
Bonthe,27,SL,1600809943,86,7.53,-12.51,78.15,5.44
Nikolskoye,95,RU,1600809770,87,59.7,30.79,53.01,2.24
Saint-Augustin,100,CA,1600809944,65,51.23,-58.65,52.92,13.35
Srīvardhan,100,IN,1600809944,91,18.03,73.02,78.82,10.16
Batagay,73,RU,1600809875,79,67.63,134.63,37.08,1.39
Zhigalovo,0,RU,1600809945,91,54.81,105.16,34.03,2.3
Santa Fe,16,AR,1600809945,21,-31.63,-60.7,75.99,8.01
Andenes,93,NO,1600809802,81,69.31,16.12,42.8,14.99
Hermanus,14,ZA,1600809764,88,-34.42,19.23,54.0,3.0
Mandeville,20,JM,1600809946,66,18.04,-77.51,87.8,3.36
Cape Town,0,ZA,1600809731,87,-33.93,18.42,57.99,14.99
Saskylakh,0,RU,1600809768,73,71.92,114.08,42.44,14.36
Zaozyornoye,0,UA,1600809947,61,45.16,33.28,62.56,10.56
Eatonton,83,US,1600809744,64,33.33,-83.39,73.99,2.84
Ucluelet,90,CA,1600809728,100,48.93,-125.55,57.99,13.87
Padang,89,ID,1600809947,75,-0.95,100.35,79.11,4.18
Kutum,51,SD,1600809888,44,14.2,24.67,81.3,15.08
Moree,0,AU,1600809948,81,-29.47,149.85,53.6,4.7
Petrozavodsk,79,RU,1600809948,70,61.78,34.35,44.6,8.95
Belaya Gora,97,RU,1600809783,85,68.53,146.42,42.37,5.23
Alzamay,76,RU,1600809949,88,55.56,98.66,44.37,4.83
Coyhaique,40,CL,1600809891,46,-45.58,-72.07,50.0,9.17
Ponta Delgada,20,PT,1600809697,77,37.73,-25.67,68.0,8.05
Arraial do Cabo,90,BR,1600809783,93,-22.97,-42.03,66.2,16.11
Ponta do Sol,20,PT,1600809842,61,32.67,-17.1,77.0,5.82
Chui,15,UY,1600809765,71,-33.7,-53.46,52.93,7.94
Yambio,1,SS,1600809950,95,4.57,28.4,69.31,1.16
Maţāy,0,EG,1600809951,61,28.42,30.78,79.99,21.43
Zhezkazgan,98,KZ,1600809951,49,47.8,67.71,49.53,5.93
Tiksi,44,RU,1600809808,74,71.69,128.87,41.83,19.46
Hong Kong,80,HK,1600809786,81,22.29,114.16,82.99,11.16
Zaysan,82,KZ,1600809951,43,47.47,84.87,57.25,9.46
Makakilo City,75,US,1600809829,48,21.35,-158.09,87.8,6.93
Bathsheba,40,BB,1600809863,66,13.22,-59.52,87.8,10.29
Port Blair,100,IN,1600809670,80,11.67,92.75,82.11,6.33
Ransang,22,PH,1600809952,79,8.96,117.58,79.3,2.71
Vanavara,0,RU,1600809953,93,60.34,102.28,37.94,3.65
Kysyl-Syr,0,RU,1600809953,87,63.9,122.76,39.38,2.39
Tadine,0,NC,1600809953,73,-21.55,167.88,72.07,11.65
Upernavik,56,GL,1600809784,85,72.79,-56.15,27.48,4.25
Jambi City,76,ID,1600809954,90,-1.6,103.62,72.07,1.3
Havre-St-Pierre,75,CA,1600809838,87,50.23,-63.6,44.6,6.93
Clyde River,20,CA,1600809803,79,70.47,-68.59,26.6,6.93
Broken Hill,40,AU,1600809954,71,-31.95,141.43,50.0,9.17
Half Moon Bay,20,US,1600809801,72,37.46,-122.43,78.01,12.75
Chokurdakh,100,RU,1600809785,94,70.63,147.92,40.96,8.5
Tasiilaq,100,GL,1600809778,68,65.61,-37.64,30.2,11.41
Quirinópolis,69,BR,1600809955,64,-18.45,-50.45,73.74,12.39
Acapulco de Juárez,20,MX,1600809823,70,16.86,-99.89,87.8,12.75
San Vicente,34,AR,1600809956,57,-26.62,-54.13,71.53,0.49
Fairfield,1,US,1600809711,28,41.27,-73.32,71.01,11.41
Kot Radha Kishan,0,PK,1600809957,62,31.17,74.1,84.2,4.09
Eyl,99,SO,1600809957,76,7.98,49.82,77.63,22.39
Lorengau,88,PG,1600809800,80,-2.02,147.27,81.9,9.08
Yulara,0,AU,1600809957,49,-25.24,130.99,53.6,8.05
Longyearbyen,40,SJ,1600809620,64,78.22,15.64,35.6,10.29
Idrinskoye,100,RU,1600809958,81,54.37,92.14,50.09,0.56
Deputatsky,90,RU,1600809829,92,69.3,139.9,34.25,4.47
Basoko,0,CD,1600809959,76,1.24,23.62,74.03,1.81
Castro,41,BR,1600809768,73,-24.79,-50.01,57.52,9.95
Pīpri,100,IN,1600809959,93,19.8,75.53,74.12,9.31
Pacific Grove,1,US,1600809960,53,36.62,-121.92,73.99,14.99
Opichen,75,MX,1600809960,66,20.55,-89.85,90.0,4.7
Natal,20,BR,1600809724,74,-5.79,-35.21,78.8,12.75
Kattivākkam,20,IN,1600809961,83,13.22,80.32,82.4,5.82
Port Moresby,98,PG,1600809926,88,-9.44,147.18,76.6,5.48
Shache,31,CN,1600809961,33,38.42,77.24,56.8,6.62
Meulaboh,96,ID,1600809961,87,4.14,96.13,77.25,4.07
Lagoa,85,PT,1600809962,83,39.05,-27.98,68.58,13.8
Saint Paul Harbor,90,US,1600809668,81,57.79,-152.41,51.8,19.46
Ballina,78,AU,1600809962,77,-28.87,153.57,69.01,5.82
Airai,0,TL,1600809847,93,-8.93,125.41,58.35,2.48
Tripoli,16,LY,1600809902,42,32.88,13.19,87.71,9.84
Kachug,0,RU,1600809963,94,53.96,105.88,32.79,1.63
Voh,0,NC,1600809963,62,-20.97,164.7,73.76,3.36
Verāval,100,IN,1600809964,87,20.9,70.37,81.79,15.37
Opuwo,18,,1600809964,40,-18.06,13.84,64.18,5.61
Ahipara,33,NZ,1600809965,81,-35.17,173.17,60.22,10.07
Saint-Philippe,34,RE,1600809806,63,-21.36,55.77,66.2,4.7
Osoyoos,3,CA,1600809965,44,49.03,-119.45,73.0,8.55
Anito,97,PH,1600809965,89,12.45,125.29,77.13,4.41
Sakakah,0,SA,1600809966,13,29.97,40.21,89.6,10.29
Colquiri,0,BO,1600809966,35,-17.42,-67.13,49.87,6.85
Hasaki,75,JP,1600809803,100,35.73,140.83,68.0,9.17
Provideniya,1,RU,1600809798,66,64.38,-173.3,41.0,2.24
Moussoro,0,TD,1600809967,18,13.64,16.49,93.76,10.67
East London,2,ZA,1600809616,72,-33.02,27.91,60.84,9.26
Katangli,0,RU,1600809967,79,51.71,143.23,40.6,5.08
Birjand,0,IR,1600809847,41,32.87,59.22,59.0,9.17
Tooele,75,US,1600809968,25,40.53,-112.3,86.0,16.11
Kyaikto,99,MM,1600809968,91,17.3,97.02,78.04,4.07
Fort Smith,90,US,1600809769,100,35.39,-94.4,66.99,12.75
Talara,2,PE,1600809969,78,-4.58,-81.27,66.72,14.32
Paysandu,73,UY,1600809760,37,-32.32,-58.08,69.01,3.0
Ribeira Grande,40,PT,1600809784,73,38.52,-28.7,69.8,16.11
Luena,10,AO,1600809969,52,-11.78,19.92,69.42,3.0
Hofn,0,IS,1600809907,65,64.25,-15.21,40.19,9.82
Severo-Kuril'sk,47,RU,1600809821,83,50.68,156.12,49.03,10.98
Río Gallegos,20,AR,1600809691,37,-51.62,-69.22,53.6,25.28
Barrow,90,US,1600809602,74,71.29,-156.79,35.6,13.87
Wilkes-Barre,1,US,1600809814,24,41.25,-75.88,72.0,10.29
Gisborne,46,NZ,1600809971,62,-38.65,178.0,59.56,10.67
Manutuke,45,NZ,1600809971,61,-38.68,177.92,59.61,10.04
Tsaratanana,5,MG,1600809972,73,-16.78,47.65,65.93,7.43
Aswān,0,EG,1600809972,21,24.09,32.91,92.5,14.27
Pangai,90,TO,1600809789,94,-19.8,-174.35,71.6,5.82
São Brás de Alportel,90,PT,1600809972,83,37.15,-7.89,69.8,14.99
Iqaluit,90,CA,1600809905,86,63.75,-68.51,33.8,10.29
Tilichiki,1,RU,1600809906,80,60.47,166.1,36.36,5.32
Natick,100,US,1600809753,28,42.28,-71.35,66.0,1.99
Kumul,0,CN,1600809534,41,42.8,93.45,63.39,4.79
Kwakoa,19,TZ,1600809973,68,-3.77,37.72,70.74,2.82
Kahului,40,US,1600809517,45,20.89,-156.47,87.8,14.99
Charters Towers,40,AU,1600809974,87,-20.1,146.27,68.34,2.75
Mapiripán,42,CO,1600809975,57,2.89,-72.13,89.85,4.25
Narsaq,0,GL,1600809885,44,60.92,-46.05,37.4,5.82
Witu,65,KE,1600809975,86,-2.39,40.44,76.48,12.24
Santiago,100,CL,1600809919,26,-33.46,-70.65,80.01,6.93
Bandarbeyla,98,SO,1600809813,74,9.49,50.81,77.85,29.24
Cheyenne,1,US,1600809892,13,41.14,-104.82,82.4,9.17
Pangody,92,RU,1600809976,79,65.85,74.49,37.6,8.34
Vila Franca do Campo,20,PT,1600809976,77,37.72,-25.43,68.0,8.05
Galesong,20,ID,1600809828,100,-5.32,119.37,73.4,2.24
Mahébourg,20,MU,1600809863,73,-20.41,57.7,69.8,3.36
Pevek,100,RU,1600809821,90,69.7,170.31,38.1,19.86
Talnakh,75,RU,1600809792,87,69.49,88.4,51.8,17.9
Vestmannaeyjar,93,IS,1600809977,68,63.44,-20.27,43.63,13.78
São Filipe,13,CV,1600809804,81,14.9,-24.5,80.71,7.31
Denpasar,40,ID,1600809978,100,-8.65,115.22,77.0,1.12
Carutapera,5,BR,1600809781,74,-1.2,-46.02,79.61,9.1
Guerrero Negro,0,MX,1600809775,35,27.98,-114.06,87.93,11.74
Karachi,40,PK,1600809780,88,24.91,67.08,82.4,5.82
Kingaroy,90,AU,1600809979,100,-26.53,151.83,62.6,4.7
Fort Nelson,75,CA,1600809979,44,58.81,-122.7,57.2,3.36
Barra Patuca,1,HN,1600809980,59,15.8,-84.28,86.47,7.99
Norman Wells,40,CA,1600809799,50,65.28,-126.83,55.4,6.93
Bunia,74,CD,1600809980,90,1.57,30.25,63.64,2.01
Aban,73,RU,1600809980,89,56.67,96.06,45.16,3.02
Sabang,100,ID,1600809981,74,5.89,95.32,83.44,5.14
Indaiatuba,75,BR,1600809981,77,-23.09,-47.22,64.99,17.22
Maridi,14,SS,1600809981,94,4.92,29.47,68.79,2.28
Rabaul,100,PG,1600809982,75,-4.2,152.17,80.53,3.51
Bera,100,BD,1600809982,87,24.08,89.62,81.25,12.21
Broome,1,US,1600809982,36,42.25,-75.83,66.99,12.75
Houndé,0,BF,1600809983,75,11.5,-3.52,77.34,1.16
Brainerd,1,US,1600809983,26,46.36,-94.2,82.4,4.7
Mesker-Yurt,0,RU,1600809983,93,43.25,45.91,59.0,2.24
Mjölby,22,SE,1600809984,76,58.33,15.12,51.8,6.93
Anadyr,48,RU,1600809867,93,64.75,177.48,35.6,11.18
Merritt Island,90,US,1600809984,65,28.54,-80.67,82.4,8.05
Muisne,75,EC,1600809985,70,0.6,-80.03,84.2,8.05
Isangel,20,VU,1600809985,61,-19.55,169.27,77.0,5.82
Coquimbo,75,CL,1600809985,87,-29.95,-71.34,55.4,12.75
Paraíso,75,CR,1600809986,94,9.84,-83.87,73.99,4.7
Inírida,69,CO,1600809986,59,3.87,-67.92,89.51,2.13
Suez,0,EG,1600809986,73,29.97,32.53,76.44,12.03
Burnie,87,AU,1600809986,81,-41.07,145.92,55.0,10.0
Victoria Point,98,AU,1600809987,84,-27.58,153.3,72.0,1.01
Asău,8,RO,1600809987,84,46.43,26.4,53.01,3.29
Sembakung,100,ID,1600809987,98,3.82,117.25,74.32,1.25
Koumac,0,NC,1600809988,68,-20.57,164.28,72.0,3.91
Torbay,90,CA,1600809706,87,47.67,-52.73,52.0,14.99
Pisco,7,PE,1600809884,77,-13.7,-76.22,66.0,10.29
Baykit,100,RU,1600809988,79,61.67,96.37,43.36,4.54
Monroe,40,US,1600809989,37,43.15,-77.68,69.8,10.29
Sisimiut,45,GL,1600809865,91,66.94,-53.67,33.03,6.11
San Patricio,75,MX,1600809989,70,19.22,-104.7,91.4,17.22
Kayerkan,75,RU,1600809990,87,69.35,87.76,51.8,17.9
St. Marys,1,US,1600809990,57,30.73,-81.55,77.0,14.99
Benjamin Constant,20,BR,1600809990,66,-4.38,-70.03,87.8,10.29
Turukhansk,100,RU,1600809991,85,65.82,87.98,46.9,12.21
Cabedelo,20,BR,1600809991,83,-6.98,-34.83,77.0,9.17
Klaksvík,99,FO,1600809872,81,62.23,-6.59,42.8,8.05
Mergen,96,CN,1600809991,96,49.18,125.22,47.55,6.35
Waipawa,100,NZ,1600809837,87,-41.41,175.52,57.2,26.4
Manthani,100,IN,1600809992,90,18.65,79.67,76.46,7.2
Peniche,100,PT,1600809992,89,39.36,-9.38,68.0,8.99
Ossora,0,RU,1600809993,68,59.24,163.07,41.68,3.76
Marsá Maţrūḩ,20,EG,1600809826,73,31.35,27.25,77.0,5.82
Valparaíso,100,CL,1600809811,33,-33.04,-71.63,73.4,13.87
Paka,100,MY,1600809993,94,4.64,103.44,78.8,2.24
Mweka,87,CD,1600809994,93,-4.85,21.57,70.11,2.19
Mirny,0,RU,1600809994,69,62.54,113.96,39.2,4.47
Beira,47,MZ,1600809994,72,-19.84,34.84,71.82,15.79
Nishihara,40,JP,1600809995,88,26.18,127.76,80.6,9.13
Kavaratti,75,IN,1600809995,79,10.57,72.64,81.5,21.61
Menongue,73,AO,1600809995,29,-14.66,17.69,68.36,1.99
Kalmunai,82,LK,1600809996,68,7.42,81.82,81.86,4.43
Mattawa,1,US,1600809996,41,46.74,-119.9,81.0,4.7
Paeroa,80,NZ,1600809997,74,-37.37,175.67,62.01,1.01
Lucapa,74,AO,1600809997,63,-8.42,20.74,73.06,2.1
Catuday,89,PH,1600809997,75,16.29,119.81,81.52,3.67
Ust'-Karsk,100,RU,1600809998,90,52.7,118.81,44.47,0.98
Rocha,54,UY,1600809998,75,-34.48,-54.33,54.21,5.97
Fort-Shevchenko,0,KZ,1600809998,40,44.51,50.26,59.56,4.25
Waingapu,93,ID,1600809999,60,-9.66,120.26,76.89,3.18
Palmer,75,US,1600809950,26,42.16,-72.33,69.8,20.8
Constitución,97,CL,1600809882,63,-35.33,-72.42,60.03,14.32
Yar-Sale,73,RU,1600809999,83,66.83,70.83,38.23,13.51
Ancud,18,CL,1600810000,73,-41.87,-73.82,55.99,1.01
Tiruchchendur,49,IN,1600810000,79,8.48,78.12,79.38,11.36
Ostrovnoy,65,RU,1600810000,83,68.05,39.51,42.04,13.69
Olenegorsk,100,RU,1600810001,87,68.15,33.3,41.45,12.55
Pinega,67,RU,1600810001,75,64.7,43.39,44.2,12.41
Correntina,80,BR,1600810001,26,-13.34,-44.64,88.36,3.0
Tessalit,12,ML,1600810002,12,20.2,1.01,93.56,12.24
Nara,75,JP,1600810002,69,34.69,135.8,73.4,5.82
Portland,40,US,1600809752,56,45.52,-122.68,73.99,4.7
Ngunguru,31,NZ,1600810002,90,-35.62,174.5,60.01,8.01
Itarema,0,BR,1600809509,77,-2.92,-39.92,78.35,18.75
Vardø,75,NO,1600809858,93,70.37,31.11,42.8,5.82
Sitka,90,US,1600809790,58,57.05,-135.33,57.2,20.8
Sørland,40,NO,1600809728,80,67.67,12.69,39.2,3.36
Lüderitz,0,,1600809776,31,-26.65,15.16,66.97,9.35
Nizhniy Tsasuchey,0,RU,1600810004,77,50.52,115.13,38.53,6.91
Codrington,92,AU,1600809877,88,-38.27,141.97,48.87,9.13
Merauke,100,ID,1600810005,77,-8.47,140.33,79.03,11.77
Barcelona,20,ES,1600809853,77,41.39,2.16,73.0,4.7
Sola,90,VU,1600810006,83,-13.88,167.55,80.6,5.82
Khatanga,68,RU,1600809774,74,71.97,102.5,45.93,13.96
Kondinskoye,100,RU,1600810006,82,59.65,67.41,39.18,15.73
Karla,75,EE,1600810007,100,59.37,24.93,51.01,4.7
Whithorn,20,JM,1600810007,66,18.26,-78.04,88.0,3.36
Xichang,100,CN,1600810008,81,27.9,102.26,59.54,3.15
Santa Isabel Rio Negro,78,BR,1600809951,69,-0.41,-65.02,84.72,1.54
Santa Rita,20,BR,1600810008,83,-7.11,-34.98,77.0,9.17
Port Hardy,90,CA,1600809855,77,50.7,-127.42,59.0,18.34
Ixtapa,20,MX,1600809672,74,20.7,-105.2,90.0,8.05
Tres Arroyos,4,AR,1600810009,59,-38.37,-60.28,64.36,9.8
Egvekinot,0,RU,1600810009,70,66.32,-179.17,39.52,1.36
Owando,100,CG,1600810010,98,-0.48,15.9,71.4,1.81
Dingle,76,PH,1600809850,88,11.0,122.67,75.51,0.72
Cabadiangan,99,PH,1600810010,80,9.75,122.47,79.0,1.34
Lakes Entrance,0,AU,1600810010,73,-37.88,147.98,51.01,16.17
Safi,100,MA,1600810011,63,32.3,-9.24,73.9,12.01
Cayambe,75,EC,1600810011,50,0.05,-78.13,78.8,11.41
Saint George,1,US,1600809751,16,37.1,-113.58,93.99,12.75
Lata,20,PT,1600809794,88,40.16,-8.33,68.0,4.7
College,40,US,1600809782,61,64.86,-147.8,50.0,4.7
Yantzaza,55,EC,1600810012,77,-3.83,-78.76,77.14,1.79
Aklavik,75,CA,1600809814,86,68.22,-135.01,41.0,2.19
Ténenkou,100,ML,1600810013,52,14.46,-4.92,85.42,7.11
Nikol'sk,72,RU,1600810013,82,53.72,46.07,53.31,13.22
Uşak Province,0,TR,1600810013,54,38.5,29.42,67.55,3.42
Heraclea,0,TR,1600810014,69,37.51,34.05,56.34,0.65
Sumbe,100,AO,1600810014,83,-11.21,13.84,72.34,9.37
Joshīmath,7,IN,1600810014,50,30.57,79.57,60.1,2.84
Rawson,0,AR,1600810015,30,-43.3,-65.1,63.14,14.05
Oranjestad,20,AW,1600809866,74,12.52,-70.03,87.8,17.22
Tarauacá,49,BR,1600810015,65,-8.16,-70.77,86.49,4.05
Garissa,0,KE,1600810016,71,-0.45,39.64,77.14,19.53
Nioro,4,GM,1600809844,79,13.35,-15.75,78.64,6.2
Bull Savanna,99,JM,1600810016,70,17.89,-77.59,82.4,3.51
Novo Horizonte,4,BR,1600810016,60,-21.47,-49.22,70.57,17.52
Usinsk,100,RU,1600810017,98,65.99,57.53,38.84,8.55
Jalu,0,LY,1600810017,37,29.03,21.55,76.73,7.78
Nerchinskiy Zavod,84,RU,1600810017,94,51.31,119.61,37.54,3.8
Azogues,40,EC,1600810018,37,-2.73,-78.83,71.6,13.87
Buenos Aires,100,AR,1600809943,77,-34.61,-58.38,64.0,11.41
Kyren,36,RU,1600810018,80,51.68,102.14,42.87,0.34
Malanje,74,AO,1600810018,76,-9.54,16.34,70.99,3.02
Ampanihy,100,MG,1600809860,71,-24.7,44.75,63.99,15.79
Nong Khae,100,TH,1600810019,95,14.34,100.87,81.0,3.29
Chekhov,0,RU,1600810019,76,55.14,37.47,55.4,6.71
Koutsouras,1,GR,1600810020,62,35.03,25.95,73.99,8.01
Cabo San Lucas,20,MX,1600809602,74,22.89,-109.91,90.0,6.93
Kidal,0,ML,1600810020,29,18.44,1.41,92.03,6.42
Ewing,1,US,1600810020,26,40.27,-74.8,73.0,8.05
Ebebiyin,98,GQ,1600810021,98,2.15,11.34,68.65,3.4
Aksu,6,CN,1600810021,30,41.12,80.26,62.33,4.34
Baganga,100,PH,1600810021,78,7.57,126.56,78.76,4.59
Aranos,0,,1600810022,21,-24.13,19.12,67.75,14.97
Souillac,20,MU,1600809832,73,-20.52,57.52,69.8,3.36
Sampit,99,ID,1600810022,97,-2.53,112.95,73.33,1.28
Arrondissement de Vierzon,74,FR,1600810022,100,47.21,2.06,59.0,2.24
Yeppoon,90,AU,1600810023,88,-23.13,150.73,71.6,3.36
Puerto Carreño,40,CO,1600810023,78,6.19,-67.49,80.6,6.93
Homer,90,US,1600810023,62,59.64,-151.55,53.6,13.87
North Bend,1,US,1600810024,72,43.41,-124.22,69.01,8.05
‘Āhuimanu,40,US,1600810024,65,21.44,-157.84,87.8,11.41
Margate,20,GB,1600809857,63,51.38,1.39,66.0,15.95
Namatanai,100,PG,1600809787,72,-3.67,152.43,81.39,2.68
Zavodoukovsk,100,RU,1600810025,85,56.5,66.55,39.67,12.57
La Ronge,75,CA,1600810025,54,55.1,-105.28,55.4,8.05
Bajil,2,YE,1600810025,48,15.06,43.29,91.0,0.98
Halifax,100,CA,1600809773,98,44.65,-63.57,53.01,10.0
Sioux Lookout,20,CA,1600810026,49,50.1,-91.92,71.6,4.7
Mount Gambier,75,AU,1600810026,100,-37.83,140.77,46.4,6.93
Limbang,75,MY,1600810027,94,4.75,115.0,77.0,3.36
Manaure,40,CO,1600809898,74,11.78,-72.44,87.8,9.17
Waynesville,77,US,1600809787,72,35.49,-82.99,64.99,3.91
Ambatofinandrahana,7,MG,1600810027,90,-20.55,46.8,55.63,6.04
Saldanha,0,ZA,1600809854,71,-33.01,17.94,51.8,1.12
Olafsvik,100,IS,1600810028,71,64.89,-23.71,41.94,16.96
Marquette,0,US,1600810028,62,46.53,-87.63,73.0,1.01
Flin Flon,40,CA,1600810028,51,54.77,-101.86,60.8,13.87
Amarante do Maranhão,98,BR,1600810029,36,-5.57,-46.74,90.99,4.29
Estelle,90,US,1600810029,94,29.85,-90.11,78.8,11.41
Yatou,88,CN,1600810029,72,37.15,122.38,61.86,5.01
Venkatagiri,47,IN,1600810030,72,13.97,79.58,78.96,3.11
Berdigestyakh,0,RU,1600810030,85,62.1,126.7,37.72,3.29
Puerto Peñasco,0,MX,1600810030,82,31.32,-113.53,88.0,11.01
Tuzha,91,RU,1600810031,87,57.61,47.94,51.08,11.23
Dzaoudzi,0,YT,1600810031,74,-12.79,45.27,78.8,14.99
Banyo,2,CM,1600810031,90,6.75,11.82,65.59,2.95
Lake Shasta,24,US,1600810032,32,40.68,-122.37,84.99,6.38
Aykhal,0,RU,1600810032,65,66.0,111.5,41.0,4.47
Buala,90,SB,1600809862,73,-8.14,159.59,82.81,4.41
Micco,92,US,1600810032,64,27.88,-80.5,82.99,16.35
Larsnes,100,NO,1600810033,82,62.2,5.58,55.99,11.99
Volksrust,0,ZA,1600810033,80,-27.37,29.88,47.25,2.3
Havelock,0,US,1600810033,47,34.88,-76.9,70.0,7.05
Singaraja,6,ID,1600809850,74,-8.11,115.09,78.35,5.91
Gondanglegi,98,ID,1600810034,86,-7.75,112.01,75.58,11.97
Sibolga,100,ID,1600810034,83,1.74,98.78,77.23,3.76
Inhambane,15,MZ,1600809867,76,-23.86,35.38,64.65,8.93
Sangmélima,37,CM,1600810035,99,2.93,11.98,67.89,5.12
Rumonge,16,BI,1600810035,63,-3.97,29.44,74.79,5.19
Roald,75,NO,1600809833,71,62.58,6.13,57.2,9.17
Mariehamn,68,AX,1600810036,100,60.1,19.93,50.0,5.82
Severobaykal'sk,0,RU,1600810036,64,55.65,109.32,43.16,4.63
Thinadhoo,12,MV,1600810037,69,0.53,72.93,82.06,8.28
Honiara,40,SB,1600809617,100,-9.43,159.95,73.4,3.69
Kieta,100,PG,1600809834,71,-6.22,155.63,81.23,3.31
Oga,75,IT,1600810037,87,46.46,10.35,57.2,4.7
Kloulklubed,75,PW,1600810038,94,7.04,134.26,77.0,4.7
Ust-Nera,93,RU,1600810038,76,64.57,143.2,37.94,4.68
Bandundu Province,21,CD,1600810038,82,-3.32,17.37,77.49,1.7
General Pico,30,AR,1600810039,28,-35.66,-63.76,74.71,9.46
Saint Anthony,1,US,1600810039,42,45.02,-93.22,82.99,8.05
Tabou,72,CI,1600810039,86,4.42,-7.35,76.32,10.09
Nyurba,0,RU,1600810040,83,63.28,118.33,40.68,3.96
Udachny,0,RU,1600810040,65,66.42,112.4,41.0,4.47
Lázaro Cárdenas,92,MX,1600809856,72,17.96,-102.2,85.26,9.66
Nouadhibou,0,MR,1600810040,78,20.93,-17.03,77.0,14.99
Oksovskiy,90,RU,1600810041,68,62.61,39.9,42.49,8.93
Guarapari,75,BR,1600810041,83,-20.67,-40.5,77.0,12.75
Bima,21,ID,1600810041,85,-8.47,118.72,74.35,4.45
Hambantota,94,LK,1600810042,78,6.12,81.12,80.17,16.62
Yārāda,75,IN,1600810042,94,17.65,83.27,80.6,2.24
Flinders,0,AU,1600809903,58,-34.58,150.86,61.0,4.0
Kachīry,100,KZ,1600810043,74,53.07,76.1,44.73,7.96
Les Cayes,89,HT,1600810043,68,18.2,-73.75,84.4,5.53
Pong,100,TH,1600810043,91,19.15,100.28,72.97,0.87
Zhanakorgan,99,KZ,1600810043,42,43.91,67.25,52.7,8.05
Kandrian,95,PG,1600810044,86,-6.22,149.55,78.24,2.39
Rio Grande,0,BR,1600809796,70,-32.03,-52.1,54.59,12.08
Altay,23,CN,1600810044,50,47.87,88.12,52.66,4.27
Whitehorse,75,CA,1600810045,53,60.72,-135.05,51.8,9.17
Masty,0,BY,1600810045,75,53.41,24.54,56.75,5.68
Paraje Nuevo,60,MX,1600810045,84,18.87,-96.87,76.01,3.87
Oistins,40,BB,1600809845,66,13.07,-59.53,87.8,10.29
Yola,2,NG,1600810046,81,9.2,12.48,77.47,3.71
Terney,83,RU,1600810046,81,45.05,136.61,53.06,5.88
Kapoeta,48,SS,1600809911,63,4.77,33.59,79.43,3.2
Mayo,1,US,1600809908,37,38.89,-76.51,71.01,8.05
Campbell River,75,CA,1600809989,59,50.02,-125.24,66.2,17.22
Kemijärvi,65,FI,1600810047,80,66.71,27.43,37.08,6.13
Kaeo,18,NZ,1600809852,90,-35.1,173.78,60.01,8.01
Lompoc,1,US,1600809735,72,34.64,-120.46,69.01,16.11
Karratha,0,AU,1600810048,24,-20.74,116.85,68.23,12.8
Batemans Bay,0,AU,1600809778,68,-35.72,150.18,52.0,8.99
Jiazi,51,CN,1600810048,86,22.88,116.07,77.16,6.55
Taltal,22,CL,1600810049,56,-25.4,-70.48,64.9,6.35
Cap Malheureux,11,MU,1600809800,76,-19.98,57.61,66.99,4.0
Leshukonskoye,100,RU,1600810049,83,64.9,45.76,43.88,13.2
Chimbote,52,PE,1600809750,75,-9.09,-78.58,64.96,10.02
Kruisfontein,0,ZA,1600809769,50,-34.0,24.73,53.01,1.99
Rokytne,48,UA,1600810050,67,51.28,27.21,57.47,6.82
Tías,20,ES,1600810050,78,28.96,-13.64,75.2,14.99
Dickinson,90,US,1600809972,94,29.46,-95.05,82.0,8.05
Arlit,0,NE,1600810051,17,18.74,7.39,96.8,7.87
Mogadishu,69,SO,1600810051,87,2.04,45.34,78.17,14.16
Miraflores,40,MX,1600810052,33,19.22,-98.81,77.0,4.7
Fort Myers Beach,1,US,1600810052,51,26.45,-81.95,87.01,14.99
Vitim,0,RU,1600810052,89,59.45,112.56,41.0,1.23
Margherita,100,IN,1600810053,94,27.28,95.68,74.59,1.92
Nanortalik,0,GL,1600809817,75,60.14,-45.24,37.63,11.7
Vuktyl,100,RU,1600810053,91,63.86,57.31,41.94,10.67
Fortuna,20,US,1600809837,68,40.6,-124.16,69.01,11.41
Krasnovishersk,36,RU,1600810054,91,60.41,57.08,40.32,9.86
Bilma,0,NE,1600810054,14,18.69,12.92,91.31,7.2
Khasan,8,RU,1600810054,85,42.43,130.64,55.63,1.97
Taoudenni,0,ML,1600809797,9,22.68,-3.98,100.53,7.9
Blagoyevo,85,RU,1600810055,74,63.37,47.92,43.63,12.46
Shelburne,1,CA,1600810055,40,44.08,-80.2,72.0,5.82
Maura,75,NO,1600810055,87,60.25,11.02,53.01,12.75
Sirte,0,LY,1600810056,68,31.21,16.59,76.69,16.11
Kismayo,55,SO,1600810056,84,-0.36,42.55,78.21,16.82
Tura,100,IN,1600809841,98,25.52,90.22,73.65,4.0
Bubaque,0,GW,1600809838,80,11.28,-15.83,81.45,9.73
Gigante,40,CO,1600810057,20,2.39,-75.55,98.6,2.24
Nagato,20,JP,1600810057,77,34.38,131.2,69.8,11.41
Kaohsiung City,40,TW,1600809964,83,22.62,120.31,82.0,2.24
Jardim,22,BR,1600809794,63,-21.48,-56.14,78.22,0.76
Maceió,23,BR,1600809815,88,-9.67,-35.74,73.4,6.93
Obanazawa,75,JP,1600810058,88,38.6,140.4,66.2,5.82
Grand-Santi,56,GF,1600810059,54,4.25,-54.38,88.38,1.25
Kovdor,33,RU,1600810059,77,67.57,30.48,37.72,11.61
Russell,75,US,1600810059,53,32.35,-85.2,75.2,3.36
Dargaville,45,NZ,1600810060,81,-35.93,173.88,58.68,7.76
Touros,20,BR,1600809872,78,-5.2,-35.46,77.0,10.29
Port Hedland,0,AU,1600809858,31,-20.32,118.57,64.4,5.82
Sol'-Iletsk,81,RU,1600810060,78,51.16,54.99,51.94,13.27
Laguna,1,US,1600809881,28,38.42,-121.42,89.01,6.93
Taksimo,96,RU,1600809857,85,56.34,114.88,41.59,1.7
Rehoboth,2,,1600810061,28,-23.32,17.08,60.62,2.51
Benguela,28,AO,1600809840,78,-12.58,13.41,72.57,4.76
Ivanovskoye,0,RU,1600810061,6,44.58,41.88,57.0,8.01
Conceição do Araguaia,54,BR,1600810062,43,-8.26,-49.26,90.41,2.28
Muros,97,ES,1600810062,89,42.78,-9.06,66.99,15.01
Quryq,0,KZ,1600810062,30,43.2,51.65,61.48,8.01
Antalaha,0,MG,1600810063,81,-14.9,50.28,67.69,7.29
Itacaré,75,BR,1600810063,94,-14.28,-39.0,75.2,3.36
Urengoy,100,RU,1600810063,90,65.97,78.37,40.21,4.56
Ishinomaki,75,JP,1600810064,88,38.42,141.3,66.2,5.82
Jos,2,NG,1600810064,94,9.92,8.9,68.0,4.7
General Roca,0,AR,1600810064,14,-39.03,-67.58,71.01,1.99
Yenagoa,99,NG,1600810065,94,4.92,6.26,75.27,3.83
Kamloops,40,CA,1600810036,40,50.67,-120.32,73.4,8.05
Dolores,100,AR,1600810065,69,-36.31,-57.68,58.33,8.79
Bahía Honda,100,CU,1600810066,86,22.9,-83.16,79.9,6.85
Sovetskiy,100,RU,1600810066,95,61.36,63.58,41.09,10.31
Juba,0,SS,1600810066,84,4.85,31.58,73.45,2.51
Hammerfest,75,NO,1600810066,81,70.66,23.68,42.8,25.28
Maksatikha,100,RU,1600810067,79,57.8,35.88,52.12,7.7
Ushtobe,33,KZ,1600809894,44,45.25,77.98,50.76,2.77
Matara,91,LK,1600810067,88,5.95,80.54,77.61,9.37
Shingū,100,JP,1600810067,89,33.73,135.98,69.89,19.69
Naze,20,JP,1600809852,83,28.37,129.48,80.6,19.46
Na Klang,100,TH,1600810068,90,17.31,102.19,75.78,1.39
Port Macquarie,0,AU,1600810068,79,-31.43,152.92,57.99,1.57
Porto Murtinho,53,BR,1600810069,48,-21.7,-57.88,83.01,3.09
Semey,100,KZ,1600810069,46,50.41,80.23,51.26,5.48
Lufilufi,100,WS,1600810069,79,-13.87,-171.6,79.32,11.01
Progreso,75,MX,1600809912,66,21.28,-89.67,90.0,4.7
Kourou,9,GF,1600810070,66,5.16,-52.65,86.0,10.29
Verkhnevilyuysk,0,RU,1600810070,90,63.45,120.32,40.12,3.04
Taitung City,95,TW,1600810070,77,22.76,121.14,78.01,6.33
Cairns,90,AU,1600809920,88,-16.92,145.77,71.6,8.05
Abhā,2,SA,1600810071,21,18.22,42.51,71.6,8.88
Baker City,1,US,1600810071,29,44.77,-117.83,75.2,3.36
Nizhnevartovsk,20,RU,1600810071,93,60.93,76.55,37.4,11.18
Omsukchan,0,RU,1600810072,85,62.53,155.8,32.86,2.46
Ifakara,0,TZ,1600810072,47,-8.13,36.68,75.92,5.12
Kiryat Gat,2,IL,1600809823,71,31.61,34.76,80.01,3.96
Lichinga,16,MZ,1600810073,76,-13.31,35.24,62.55,14.34
Hanna,100,CA,1600810073,44,51.63,-111.9,63.0,1.01
Haimen,75,CN,1600810073,94,23.19,116.61,77.0,6.64
Zamora,50,EC,1600810073,63,-4.07,-78.96,76.73,4.36
Westport,1,US,1600809869,15,41.14,-73.36,71.6,24.16
Roxana,75,CR,1600810074,94,10.28,-83.75,73.99,4.7
Altagracia de Orituco,99,VE,1600810074,77,9.86,-66.38,83.28,3.27
Barabash,75,RU,1600810075,100,43.2,131.48,55.4,4.47
Price,40,US,1600810075,33,39.6,-110.81,73.4,8.05
Two Rivers,1,US,1600810076,68,44.15,-87.57,75.0,6.93
Kem',90,RU,1600810076,61,64.96,34.58,44.15,15.84
Maswa,78,TZ,1600810076,60,-2.68,33.98,71.6,5.61
Iracoubo,32,GF,1600810077,77,5.48,-53.2,81.79,15.7
Jódar,100,ES,1600810077,45,37.84,-3.35,75.99,3.04
Balabac,36,PH,1600810077,79,7.99,117.06,82.04,8.37
Kirakira,33,SB,1600810078,77,-10.45,161.92,81.43,7.23
Pemberton,75,CA,1600810078,67,50.32,-122.8,60.8,5.82
